封面,标题,出版信息,评分,评价人数
https://img9.doubanio.com/view/subject/s/public/s33492346.jpg,你当像鸟飞往你的山,"
        
  
  [美] 塔拉·韦斯特弗 / 任爱红 / 南海出版公司 / 2019-10-20 / 59.00元

      ",8.8,"
        (97768人评价)
    "
https://img1.doubanio.com/view/subject/s/public/s33843649.jpg,一生的旅程,"
        
  
  [美] 罗伯特·艾格、[美] 乔尔·洛弗尔 / 靳婷婷 / 文汇出版社 / 2020-5-1 / 88

      ",8.7,"
        (5954人评价)
    "
https://img1.doubanio.com/view/subject/s/public/s24516687.jpg,邓小平时代,"
        
  
  [美] 傅高义 / 冯克利 / 生活·读书·新知三联书店 / 2013-1 / 88.00元

      ",9.2,"
        (36166人评价)
    "
https://img2.doubanio.com/view/subject/s/public/s33665563.jpg,人生由我,"
        
  
  [加] 梅耶·马斯克 / 代晓 / 中信出版集团 / 2020-6 / 59.00元

      ",7.8,"
        (4025人评价)
    "
https://img3.doubanio.com/view/subject/s/public/s33692330.jpg,知晓我姓名,"
        
  
  [美]香奈儿·米勒 / 陈毓飞 / 世纪文景/上海人民出版社 / 2020-8 / 59.00元

      ",9.3,"
        (2208人评价)
    "
https://img2.doubanio.com/view/subject/s/public/s1015872.jpg,我们仨,"
        
  
  杨绛 / 生活·读书·新知三联书店 / 2003-7 / 18.80元

      ",8.7,"
        (259892人评价)
    "
https://img2.doubanio.com/view/subject/s/public/s29675003.jpg,天生有罪,"
        
  
  [南非] 特雷弗·诺亚 / 董帅 / 未读·北京联合出版公司 / 2018-2-1 / 58.00

      ",9.1,"
        (8260人评价)
    "
https://img2.doubanio.com/view/subject/s/public/s24468373.jpg,看见,"
        
  
  柴静 / 广西师范大学出版社 / 2013-1-1 / 39.80元

      ",8.8,"
        (293899人评价)
    "
https://img9.doubanio.com/view/subject/s/public/s28571694.jpg,硅谷钢铁侠,"
        
  
  [美] 阿什利·万斯 / 周恒星 / 中信出版集团 / 2016-4 / 68.00元

      ",8.1,"
        (9714人评价)
    "
https://img2.doubanio.com/view/subject/s/public/s6974202.jpg,史蒂夫·乔布斯传,"
        
  
  [美] 沃尔特·艾萨克森 / 管延圻、魏群、余倩、赵萌萌、汤崧 / 中信出版社 / 2011-10-24 / 68.00元

      ",8.7,"
        (51498人评价)
    "
https://img2.doubanio.com/view/subject/s/public/s33703773.jpg,一往无前,"
        
  
  范海涛 / 中信出版集团 / 2020-8 / 78.00

      ",8.2,"
        (2716人评价)
    "
https://img3.doubanio.com/view/subject/s/public/s33687481.jpg,苏世民：我的经验与教训,"
        
  
  [美] 苏世民 / 赵灿 / 中信出版社 / 2020-1 / 98.00元

      ",8.2,"
        (3980人评价)
    "
https://img3.doubanio.com/view/subject/s/public/s33835810.jpg,我的几何人生,"
        
  
  [美国]丘成桐、[美国]史蒂夫·纳迪斯 / 夏木清 / 译林出版社 / 2021-3 / 68.00元

      ",8.4,"
        (140人评价)
    "
https://img1.doubanio.com/view/subject/s/public/s33678368.jpg,曾国藩传,"
        
  
  张宏杰 / 民主与建设出版社 / 2018-12 / 68.00元

      ",8.6,"
        (7345人评价)
    "
https://img9.doubanio.com/view/subject/s/public/s1027286.jpg,别闹了，费曼先生,"
        
  
  [美] 理查德·费曼 / 吴程远 / 生活·读书·新知三联书店 / 1997-12 / 22.00

      ",8.9,"
        (9430人评价)
    "
https://img2.doubanio.com/view/subject/s/public/s33748133.jpg,异见时刻,"
        
  
  [美] 伊琳·卡蒙（Irin Carmon）、[美] 莎娜·卡尼兹尼克（Shana Knizhnik） / 骆伟倩 / 湖南文艺出版社 / 2018-9 / 59.80元

      ",8.4,"
        (3178人评价)
    "
https://img9.doubanio.com/view/subject/s/public/s33475194.jpg,我心归处是敦煌,"
        
  
  樊锦诗 口述、顾春芳 撰写 / 译林出版社 / 2019-10 / 68.00元

      ",8.0,"
        (3314人评价)
    "
https://img1.doubanio.com/view/subject/s/public/s4532008.jpg,穷查理宝典,"
        
  
  [美]彼得·考夫曼 (编) / 李继宏 / 上海人民出版社 / 2010-10-01 / 88.00

      ",8.9,"
        (13438人评价)
    "
https://img1.doubanio.com/view/subject/s/public/s33541757.jpg,成为,"
        
  
  [美] 米歇尔·奥巴马 / 胡晓凯、闫洁 / 天地出版社 / 2019-1 / 98.00元

      ",8.7,"
        (5970人评价)
    "
https://img3.doubanio.com/view/subject/s/public/s33804380.jpg,无法直面的人生,"
        
  
  王晓明 / 生活·读书·新知三联书店 / 2021-1 / 79.00元

      ",8.6,"
        (169人评价)
    "
https://img1.doubanio.com/view/subject/s/public/s4458248.jpg,毛泽东传,"
        
  
  [美] 罗斯·特里尔 / 何宇光、刘加英 / 中国人民大学出版社 / 2010-8 / 58.00元

      ",8.3,"
        (7438人评价)
    "
https://img2.doubanio.com/view/subject/s/public/s29423902.jpg,当呼吸化为空气,"
        
  
  [美] 保罗·卡拉尼什 / 何雨珈 / 猫头鹰文化·浙江文艺出版社 / 2016-12 / 48.00元

      ",8.8,"
        (19199人评价)
    "
https://img9.doubanio.com/view/subject/s/public/s33668974.jpg,苏东坡新传,"
        
  
  李一冰 / 后浪丨四川人民出版社 / 2020-7 / 168.00元

      ",9.4,"
        (956人评价)
    "
https://img9.doubanio.com/view/subject/s/public/s6850776.jpg,维特根斯坦传,"
        
  
  [英] 瑞·蒙克 / 王宇光 / 浙江大学出版社 / 2011-6 / 79.00元

      ",9.1,"
        (6753人评价)
    "
https://img1.doubanio.com/view/subject/s/public/s29642817.jpg,命运：文在寅自传,"
        
  
  文在寅 / 王萌 / 江苏凤凰文艺出版社 / 2017-12 / 59.80

      ",8.4,"
        (5565人评价)
    "
https://img2.doubanio.com/view/subject/s/public/s27207923.jpg,史蒂夫·乔布斯传（修订版）,"
        
  
  [美] 沃尔特·艾萨克森 / 管延圻、魏群、余倩、赵萌萌、汤崧 / 中信出版社 / 2014-1 / 68.00元

      ",9.1,"
        (4447人评价)
    "
https://img2.doubanio.com/view/subject/s/public/s28875892.jpg,穷查理宝典,"
        
  
  彼得·考夫曼 / 李继宏 / 中信出版集团 / 2016-8-1 / CNY 168.00

      ",8.7,"
        (8691人评价)
    "
https://img1.doubanio.com/view/subject/s/public/s33822989.jpg,在峡江的转弯处,"
        
  
  陈行甲 / 人民日报出版社 / 2021-1-10 / 48.00元

      ",9.8,"
        (227人评价)
    "
https://img1.doubanio.com/view/subject/s/public/s33841958.jpg,成为波伏瓦,"
        
  
  [英]凯特·柯克帕特里克 / 刘海平 / 中信出版社 / 2021-3 / 78.00

      ",9.2,"
        (35人评价)
    "
https://img9.doubanio.com/view/subject/s/public/s33777156.jpg,米兰·昆德拉：一种作家人生,"
        
  
  [法]让–多米尼克•布里埃 / 刘云虹、许钧 / 雅众文化 | 南京大学出版社 / 2021-2 / 68.00元

      ",8.6,"
        (71人评价)
    "
https://img2.doubanio.com/view/subject/s/public/s29064812.jpg,曾国藩,"
        
  
  唐浩明 / 广东人民出版社 / 2016-8-1 / 145

      ",8.9,"
        (343人评价)
    "
https://img1.doubanio.com/view/subject/s/public/s32299368.jpg,人类群星闪耀时,"
        
  
  [奥地利] 斯蒂芬·茨威格 / 梁锡江 / 江苏凤凰文艺出版社 / 2019-4-1 / 69

      ",8.3,"
        (6168人评价)
    "
https://img3.doubanio.com/view/subject/s/public/s29745220.jpg,Educated,"
        
  
  Tara Westover / Random House / 2018-2-20 / USD 28.00

      ",8.8,"
        (5776人评价)
    "
https://img9.doubanio.com/view/subject/s/public/s28606305.jpg,活着为了讲述,"
        
  
  [哥伦比亚] 加西亚·马尔克斯 / 李静 / 南海出版公司 / 2016-4-1 / 55.00元

      ",8.9,"
        (9742人评价)
    "
https://img9.doubanio.com/view/subject/s/public/s29067926.jpg,鞋狗,"
        
  
  [美] 菲尔·奈特 / 毛大庆 / 北京联合出版公司 / 2016-9-1 / 89.90元

      ",8.4,"
        (6161人评价)
    "
https://img1.doubanio.com/view/subject/s/public/s33835819.jpg,间谍与叛徒,"
        
  
  [英] 本·麦金泰尔 / 袁鑫 / 社会科学文献出版社 / 2021-1 / 92.00元

      ",8.8,"
        (236人评价)
    "
https://img3.doubanio.com/view/subject/s/public/s33720250.jpg,你和我,"
        
  
  万方 / 北京十月文艺出版社 / 2020-6-1 / 68

      ",8.9,"
        (720人评价)
    "
https://img9.doubanio.com/view/subject/s/public/s29111376.jpg,心若菩提,"
        
  
  曹德旺 / 人民出版社 / 2015-1 / 49.00

      ",9.1,"
        (1616人评价)
    "
https://img1.doubanio.com/view/subject/s/public/s24399718.jpg,少年凯歌,"
        
  
  陈凯歌 / 人民文学出版社 / 2001-6 / 10.00元

      ",9.2,"
        (6389人评价)
    "
https://img1.doubanio.com/view/subject/s/public/s1121598.jpg,昨日的世界,"
        
  
  [奥] 斯蒂芬·茨威格 / 舒昌善、孙龙生、刘春华、戴奎生 / 广西师范大学出版社 / 2004-5-1 / 32.00元

      ",9.2,"
        (11360人评价)
    "
https://img9.doubanio.com/view/subject/s/public/s28942595.jpg,苏东坡传,"
        
  
  林语堂 / 湖南文艺出版社 / 2016-6 / 58

      ",8.2,"
        (7472人评价)
    "
https://img1.doubanio.com/view/subject/s/public/s28340158.jpg,褚时健传,"
        
  
  周桦 / 中信出版集团 / 2015-12 / 58.00元

      ",8.9,"
        (5589人评价)
    "
https://img3.doubanio.com/view/subject/s/public/s6144591.jpg,我在伊朗长大,"
        
  
  玛赞·莎塔碧 / 马爱农、左涛 / 生活·读书·新知三联书店 / 2010-1 / 39.00元

      ",9.4,"
        (6172人评价)
    "
https://img1.doubanio.com/view/subject/s/public/s29756387.jpg,我要快乐，不必正常,"
        
  
  [英] 珍妮特·温特森 / 冯倩珠 / 北京联合出版公司 / 2018-6 / 49.00

      ",8.5,"
        (6557人评价)
    "
https://img2.doubanio.com/view/subject/s/public/s1997262.jpg,苏东坡传,"
        
  
  林语堂 / 张振玉 / 陕西师范大学出版社 / 2006-5 / 24.80元

      ",8.4,"
        (19166人评价)
    "
https://img1.doubanio.com/view/subject/s/public/s33658199.jpg,寻找《局外人》,"
        
  
  [美]爱丽丝·卡普兰 / 琴岗 / 新星出版社 / 2020-6 / 98.00元

      ",9.1,"
        (214人评价)
    "
https://img2.doubanio.com/view/subject/s/public/s6459032.jpg,富兰克林自传,"
        
  
  富兰克林 / 蒲隆 / 译林出版社 / 2009-7 / 18.00元

      ",8.5,"
        (1862人评价)
    "
https://img9.doubanio.com/view/subject/s/public/s1134166.jpg,人类的群星闪耀时,"
        
  
  [奥] 斯蒂芬·茨威格 / 舒昌善 / 广西师范大学出版社 / 2004-8 / 18.00元

      ",8.7,"
        (24133人评价)
    "
https://img3.doubanio.com/view/subject/s/public/s33856320.jpg,Born a Crime,"
        
  
  Trevor Noah / Spiegel & Grau / 2016-11-15 / USD 18.34

      ",9.4,"
        (5391人评价)
    "
https://img9.doubanio.com/view/subject/s/public/s29653026.jpg,腾讯传,"
        
  
  吴晓波 / 浙江大学出版社 / 2017-1-1 / 58.00元

      ",7.8,"
        (15531人评价)
    "
https://img9.doubanio.com/view/subject/s/public/s26806155.jpg,向前一步,"
        
  
  [美]谢丽尔·桑德伯格（Sheryl Sandberg） / 颜筝 / 中信出版社 / 2013-6-30 / 39.00元

      ",8.1,"
        (16077人评价)
    "
https://img2.doubanio.com/view/subject/s/public/s11362593.jpg,李鸿章传,"
        
  
  梁启超 / 中华书局 / 2012-7 / 13.00元

      ",9.2,"
        (2324人评价)
    "
https://img9.doubanio.com/view/subject/s/public/s29786716.jpg,昨日的世界,"
        
  
  [奥]茨威格 / 徐友敬等 / 上海译文出版社 / 2018-7 / 49.00元

      ",9.4,"
        (2964人评价)
    "
https://img3.doubanio.com/view/subject/s/public/s27264531.jpg,曾国藩的正面与侧面,"
        
  
  张宏杰 / 民主与建设出版社 / 2014-5 / 39.8元

      ",8.3,"
        (4083人评价)
    "
https://img9.doubanio.com/view/subject/s/public/s33518486.jpg,平均分,"
        
  
  康辉 / 长江文艺出版社 / 2019-11-1 / 58

      ",7.2,"
        (2720人评价)
    "
https://img3.doubanio.com/view/subject/s/public/s33821801.jpg,征服市场的人,"
        
  
  (美)格里高利·祖克曼 / 安昀、朱昂 / 天津科学技术出版社 / 2021-2 / 109

      ",8.0,"
        (103人评价)
    "
https://img1.doubanio.com/view/subject/s/public/s33682008.jpg,通天之路,"
        
  
  (美) 哈金 / 汤秋妍 / 北京十月文艺出版社 / 2020-2 / 59.00元

      ",8.3,"
        (581人评价)
    "
https://img1.doubanio.com/view/subject/s/public/s26262207.jpg,十年一觉电影梦,"
        
  
  张靓蓓 / 中信出版社 / 2013-4 / 49.80元

      ",8.7,"
        (5649人评价)
    "
https://img9.doubanio.com/view/subject/s/public/s10327156.jpg,昨日的世界,"
        
  
  (奥)斯蒂芬·茨威格 / 舒昌善 / 生活·读书·新知三联书店 / 2010-4 / 29.80元

      ",9.4,"
        (4748人评价)
    "
https://img2.doubanio.com/view/subject/s/public/s33683993.jpg,梦室,"
        
  
  (美) 大卫·林奇、(美) 克里斯汀·麦肯纳 / 胡阳潇潇 / 理想国│广西师范大学出版社 / 2020-8-1 / 138.00元

      ",9.0,"
        (345人评价)
    "
https://img2.doubanio.com/view/subject/s/public/s28095832.jpg,李光耀观天下,"
        
  
  李光耀 / 北京大学出版社 / 2015-6 / 58.00元

      ",9.2,"
        (5577人评价)
    "
https://img1.doubanio.com/view/subject/s/public/s3099438.jpg,渴望生活,"
        
  
  [美] 欧文·斯通 / 常涛 / 北京十月文艺出版社 / 2008-4 / 29.80元

      ",9.2,"
        (9980人评价)
    "
https://img9.doubanio.com/view/subject/s/public/s29802915.jpg,列奥纳多·达·芬奇传,"
        
  
  [美]沃尔特·艾萨克森 / 汪冰 / 中信出版社 / 2018-7 / 99.00

      ",8.8,"
        (2381人评价)
    "
https://img1.doubanio.com/view/subject/s/public/s4494379.jpg,巨流河,"
        
  
  齐邦媛 / 生活·读书·新知三联书店 / 2010-10 / 39.00元

      ",8.7,"
        (26929人评价)
    "
https://img1.doubanio.com/view/subject/s/public/s28354107.jpg,梵高传,"
        
  
  [美] 史蒂芬·奈菲、[美] 格雷高里·怀特·史密斯 / 沈语冰、宋倩、何卫华、匡骁 / 译林出版社 / 2015-11 / 128.00

      ",9.2,"
        (2004人评价)
    "
https://img1.doubanio.com/view/subject/s/public/s29753387.jpg,奥古斯都,"
        
  
  [美] 约翰·威廉斯 / 郑远涛 / 上海人民出版社 / 2018-5 / 56.00元

      ",9.2,"
        (5340人评价)
    "
https://img1.doubanio.com/view/subject/s/public/s29197698.jpg,我的职业是小说家,"
        
  
  [日] 村上春树 / 施小炜 / 南海出版公司 / 2017-1 / 45.00元

      ",8.3,"
        (19930人评价)
    "
https://img3.doubanio.com/view/subject/s/public/s33816030.jpg,帝国之路,"
        
  
  [法] 帕特里斯·格尼费 / 王雨涵、黎炜健 / 后浪丨九州出版社 / 2021-3 / 158.00元

      ",8.3,"
        (15人评价)
    "
https://img3.doubanio.com/view/subject/s/public/s33597630.jpg,美与暴烈：三岛由纪夫传,"
        
  
  [英] 亨利·斯各特·斯托克斯 / 于是 / 雅众文化 | 北京联合出版公司 / 2020-3 / 58.00元

      ",8.9,"
        (1449人评价)
    "
https://img1.doubanio.com/view/subject/s/public/s27451639.jpg,项塔兰,"
        
  
  [澳] 格里高利·大卫·罗伯兹 / 黄中宪 / 华文出版社 / 2009-4 / 58.00

      ",9.0,"
        (5385人评价)
    "
https://img9.doubanio.com/view/subject/s/public/s29237454.jpg,只是孩子,"
        
  
  [美] 帕蒂·史密斯 / 刘奕 / 广西师范大学出版社 / 2017-1 / 65.00元

      ",9.0,"
        (3950人评价)
    "
https://img9.doubanio.com/view/subject/s/public/s33706316.jpg,复盘网飞,"
        
  
  [美]马克·伦道夫 / 尚书 / 中信出版集团 / 2020-3 / 69.00元

      ",8.2,"
        (564人评价)
    "
https://img1.doubanio.com/view/subject/s/public/s33667607.jpg,我等你到三十五岁,"
        
  
  南康白起 / 39.8元

      ",9.3,"
        (950人评价)
    "
https://img1.doubanio.com/view/subject/s/public/s33703839.jpg,大卫·爱登堡自传,"
        
  
  David Attenborough / 何毅、李金璇 / 重庆大学出版社 / 2020-12-12

      ",9.7,"
        (31人评价)
    "
https://img2.doubanio.com/view/subject/s/public/s33788132.jpg,贾樟柯的世界,"
        
  
  [法] 让-米歇尔·付东（Jean-Michel Frodon） / 孔潜 / 广西师范大学出版社 / 2021-1 / 68.00

      ",7.9,"
        (160人评价)
    "
https://img1.doubanio.com/view/subject/s/public/s32289558.jpg,战胜一切市场的人,"
        
  
  爱德华·O·索普 / 陈铭杰、等 / 中信出版社 / 2019-4-1 / 98.00元

      ",8.3,"
        (838人评价)
    "
https://img1.doubanio.com/view/subject/s/public/s33576728.jpg,活过，爱过，写过,"
        
  
  李银河 / 北京十月文艺出版社 / 2020-5 / 58

      ",8.4,"
        (1743人评价)
    "
https://img1.doubanio.com/view/subject/s/public/s29956287.jpg,T. S. 艾略特传,"
        
  
  [英] 林德尔·戈登 / 许小凡 / 上海文艺出版社 / 2019-1 / 85.00元

      ",8.9,"
        (812人评价)
    "
https://img1.doubanio.com/view/subject/s/public/s27435757.jpg,阿拉伯的劳伦斯,"
        
  
  【美】斯科特•安德森（Scott Anderson） / 陆大鹏 / 社会科学文献出版社 / 2014-9-1 / 72.00元

      ",9.1,"
        (3872人评价)
    "
https://img9.doubanio.com/view/subject/s/public/s11134336.jpg,蒋介石与现代中国,"
        
  
  [美] 陶涵 / 林添贵 / 中信出版社 / 2012-8 / 68.00元

      ",8.6,"
        (4978人评价)
    "
https://img1.doubanio.com/view/subject/s/public/s28375919.jpg,南渡北归,"
        
  
  岳南 / 湖南文艺出版社 / 2015-8-1 / CNY 195.00

      ",8.4,"
        (2743人评价)
    "
https://img9.doubanio.com/view/subject/s/public/s28948876.jpg,成为乔布斯,"
        
  
  [美] 布伦特·施兰德、[美] 里克·特策利 / 陶亮 / 中信出版集团 / 2016-10 / 69.00元

      ",8.9,"
        (1961人评价)
    "
https://img9.doubanio.com/view/subject/s/public/s33779086.jpg,布尔迪厄传,"
        
  
  [法] 让-路易·法比尼亚（Jean-Louis，Fabian） / 陈秀萍 / 中国人民大学出版社 / 2021-1 / 59.80元

      ",9.0,"
        (13人评价)
    "
https://img1.doubanio.com/view/subject/s/public/s33800019.jpg,神圣入侵,"
        
  
  [美] 劳伦斯·萨廷 / 陈灼 / 四川科学技术出版社 / 2020-12-20 / 98.00元

      ",9.4,"
        (31人评价)
    "
https://img3.doubanio.com/view/subject/s/public/s29423950.jpg,音乐即自由,"
        
  
  [日] 坂本龙一 / 何启宏 / 中信出版集团/楚尘文化 / 2017-4-1 / 48.00元

      ",8.5,"
        (2806人评价)
    "
https://img9.doubanio.com/view/subject/s/public/s33736796.jpg,skmt,"
        
  
  坂本龙一 / 许建明 / 重庆大学出版社 / 2020-11-15 / 69

      ",7.6,"
        (327人评价)
    "
https://img9.doubanio.com/view/subject/s/public/s33555385.jpg,漆黑清晨,"
        
  
  [英]布雷特·安德森 / 冯倩珠 / 雅众文化 | 北京联合出版公司 / 2020-2 / 56.00元

      ",9.1,"
        (958人评价)
    "
https://img2.doubanio.com/view/subject/s/public/s27325332.jpg,蛤蟆的油,"
        
  
  [日]黑泽明 / 李正伦 / 南海出版公司 / 2014-8 / 39.50元

      ",8.5,"
        (3466人评价)
    "
https://img1.doubanio.com/view/subject/s/public/s24562968.jpg,费马大定理,"
        
  
  西蒙·辛格 / 薛密 / 广西师范大学出版社 / 2013-1 / 39.80元

      ",9.2,"
        (2600人评价)
    "
https://img3.doubanio.com/view/subject/s/public/s33715291.jpg,杜甫,"
        
  
  洪业 / 曾祥波 / 上海古籍出版社 / 2020-5-31 / 78.00

      ",8.9,"
        (261人评价)
    "
https://img9.doubanio.com/view/subject/s/public/s1093496.jpg,奇特的一生,"
        
  
  [苏] 格拉宁 / 侯焕闳、唐其慈 / 海燕出版社 / 2001-3 / 13.00元

      ",8.3,"
        (9110人评价)
    "
https://img3.doubanio.com/view/subject/s/public/s33811380.jpg,李鸿章·袁世凯（精装全二册）,"
        
  
  [日] 冈本隆司 / 马静 / 理想国丨北京日报出版社 / 2021-1 / 88

      ",7.3,"
        (95人评价)
    "
https://img3.doubanio.com/view/subject/s/public/s29890030.jpg,我的世界观,"
        
  
  [美] 阿尔伯特•爱因斯坦 / 方在庆 / 中信出版集团·见识城邦 / 2018-11 / 58.00

      ",8.9,"
        (2073人评价)
    "
https://img3.doubanio.com/view/subject/s/public/s3905170.jpg,写作这回事,"
        
  
  [美]斯蒂芬·金 / 张坤 / 上海译文出版社 / 2009.08 / 28.00元

      ",8.6,"
        (6111人评价)
    "
https://img1.doubanio.com/view/subject/s/public/s29901098.jpg,Becoming,"
        
  
  Michelle Obama / Crown / 2018-11-13 / USD 32.50

      ",8.4,"
        (2248人评价)
    "
https://img1.doubanio.com/view/subject/s/public/s29864848.jpg,拍电影时我在想的事,"
        
  
  [日]是枝裕和 / 褚方叶 / 南海出版公司 / 2018-11 / 88.00

      ",8.9,"
        (5075人评价)
    "
https://img3.doubanio.com/view/subject/s/public/s33803691.jpg,亚当·斯密传,"
        
  
  [英] 杰西·诺曼 / 李烨 / 中信出版集团 / 2021-1 / 88

      ",9.1,"
        (21人评价)
    "
https://img9.doubanio.com/view/subject/s/public/s2358155.jpg,伊斯坦布尔,"
        
  
  [土耳其] 奥尔罕·帕慕克 / 何佩桦 / 上海人民出版社 / 2007-3 / 36.00元

      ",8.4,"
        (10743人评价)
    "
https://img9.doubanio.com/view/subject/s/public/s33630715.jpg,卡特制造：安吉拉·卡特传,"
        
  
  [英]埃德蒙·戈登 / 晓风 / 南京大学出版社 / 2020-5 / 98.00元

      ",8.8,"
        (173人评价)
    "
https://img3.doubanio.com/view/subject/s/public/s29445910.jpg,阿加莎·克里斯蒂自传,"
        
  
  [英] 阿加莎·克里斯蒂 / 王霖 / 新星出版社 / 2017-5 / 68.00元

      ",8.9,"
        (1720人评价)
    "
https://img9.doubanio.com/view/subject/s/public/s29738375.jpg,福柯的生死爱欲,"
        
  
  [美]詹姆斯·E.米勒(James E. Miller) / 高毅 / 世纪文景 | 上海人民出版社 / 2018-6 / 118.00元

      ",9.2,"
        (905人评价)
    "
https://img2.doubanio.com/view/subject/s/public/s1988022.jpg,西行漫记,"
        
  
  （美）埃德加·斯诺 / 董乐山 / 生活.读书.新知三联书店 / 1979年 / 1.30

      ",8.5,"
        (3188人评价)
    "
https://img9.doubanio.com/view/subject/s/public/s28106055.jpg,天才的编辑,"
        
  
  [美] A.司各特·伯格 / 彭伦 / 广西师范大学出版社 / 2017-1 / 69.00元

      ",9.0,"
        (2030人评价)
    "
https://img9.doubanio.com/view/subject/s/public/s26281124.jpg,周恩来传,"
        
  
  迪克•威尔逊 / 封长虹 / 国际文化出版公司 / 2013-4 / 62.00元

      ",8.1,"
        (1193人评价)
    "
https://img9.doubanio.com/view/subject/s/public/s29732724.jpg,汉密尔顿传,"
        
  
  [美] 罗恩·彻诺 / 张向玲、高翔、何皓瑜 / 浙江大学出版社 / 2018-6 / 198.00

      ",9.2,"
        (768人评价)
    "
https://img9.doubanio.com/view/subject/s/public/s33577696.jpg,我曾走在崩溃的边缘,"
        
  
  俞敏洪 / 中信出版集团 / 2019-4 / 68

      ",8.2,"
        (1554人评价)
    "
https://img9.doubanio.com/view/subject/s/public/s2006174.jpg,将心注入,"
        
  
  [美] 霍华德·舒尔茨、[美] 多利·琼斯·扬 / 文敏 / 浙江人民出版社 / 2010-03 / 25.00

      ",8.3,"
        (2429人评价)
    "
https://img3.doubanio.com/view/subject/s/public/s28053161.jpg,富兰克林传,"
        
  
  [美] 沃尔特·艾萨克森 / 孙豫宁 / 中信出版集团 / 2016-7 / 59.00元

      ",8.2,"
        (994人评价)
    "
https://img1.doubanio.com/view/subject/s/public/s1190027.jpg,忏悔录,"
        
  
  卢梭 / 黎星、范希衡 / 人民文学出版社 / 1982-9-1 / 29.80

      ",8.1,"
        (6743人评价)
    "
https://img2.doubanio.com/view/subject/s/public/s33803103.jpg,无限的网：草间弥生自传,"
        
  
  [日]草间弥生 / 毛丹青 / 中信出版集团·小满 / 2021-1 / 69

      ",8.0,"
        (136人评价)
    "
https://img2.doubanio.com/view/subject/s/public/s6343233.jpg,此生未完成,"
        
  
  于娟 / 湖南科技出版社 / 2011-5 / 26.00元

      ",8.9,"
        (18316人评价)
    "
https://img1.doubanio.com/view/subject/s/public/s1050837.jpg,我生活的种种模式,"
        
  
  赫尔伯特.A.西蒙 / 秦裕林、等 / 东方出版中心 / 1998-11 / 26.00元

      ",8.4,"
        (477人评价)
    "
https://img9.doubanio.com/view/subject/s/public/s33764785.jpg,至高忠诚,"
        
  
  [美]詹姆斯·科米 / 乔迪 / 中信出版集团 / 2020-12 / 69

      ",8.1,"
        (113人评价)
    "
https://img2.doubanio.com/view/subject/s/public/s4491203.jpg,名人传,"
        
  
  [法] 罗曼·罗兰 / 傅雷 / 译林出版社 / 2010-6 / 20.00元

      ",8.0,"
        (2373人评价)
    "
https://img3.doubanio.com/view/subject/s/public/s10245631.jpg,我不要你死于一事无成,"
        
  
  [阿富汗] 法齐娅·库菲 / 章忠建 / 中信出版社 / 2012-6 / 28.00元

      ",8.1,"
        (9113人评价)
    "
https://img9.doubanio.com/view/subject/s/public/s33491495.jpg,成为我自己,"
        
  
  [美] 欧文·亚龙 / 杨立华、郑世彦 / 机械工业出版社 / 2019-6 / 99.00

      ",8.8,"
        (860人评价)
    "
https://img3.doubanio.com/view/subject/s/public/s28299560.jpg,我的造梦之路,"
        
  
  [日] 今敏 / 焦阳 / 雅众文化／新星出版社 / 2015-12-20 / 42.00

      ",8.6,"
        (4166人评价)
    "
https://img1.doubanio.com/view/subject/s/public/s29903527.jpg,科比自传,"
        
  
  [美] 科比·布莱恩特 / 黄祎（阿鱼） / 金城出版社 / 2018-11-1 / 124.08

      ",7.8,"
        (2517人评价)
    "
https://img3.doubanio.com/view/subject/s/public/s29498931.jpg,魔灯,"
        
  
  [瑞典] 英格玛·伯格曼 / 张红军 / 广西师范大学出版社 / 2017-8 / 88

      ",9.0,"
        (1929人评价)
    "
https://img2.doubanio.com/view/subject/s/public/s33732623.jpg,A Promised Land,"
        
  
  Barack Obama / Crown / 2020-11-17 / USD 45.00

      ",8.0,"
        (369人评价)
    "
https://img1.doubanio.com/view/subject/s/public/s33817368.jpg,从头开始,"
        
  
  [美]霍华德·舒尔茨 / 吴果锦 / 北京联合出版有限公司 / 2020-10-20 / 69.00

      ",7.9,"
        (533人评价)
    "
https://img1.doubanio.com/view/subject/s/public/s29792089.jpg,阿迅,"
        
  
  朱迅 / 长江文艺出版社 / 2018-4 / 49.00元

      ",8.0,"
        (1224人评价)
    "
https://img3.doubanio.com/view/subject/s/public/s6255930.jpg,股票大作手回忆录,"
        
  
  埃德温·勒菲弗 / 丁圣元 / 万卷出版公司出版 / 2010-11 / 48.00元

      ",8.8,"
        (2799人评价)
    "
https://img2.doubanio.com/view/subject/s/public/s27983353.jpg,爱因斯坦传,"
        
  
  [美] 沃尔特·艾萨克森 / 张卜天 / 湖南科学技术出版社 / 2012-1-1 / 59.00元

      ",8.7,"
        (1227人评价)
    "
https://img2.doubanio.com/view/subject/s/public/s32324813.jpg,苏轼十讲,"
        
  
  朱刚 / 上海三联书店 / 2019-7 / 58.00元

      ",9.3,"
        (877人评价)
    "
https://img2.doubanio.com/view/subject/s/public/s29652642.jpg,郭鹤年自传,"
        
  
  郭鹤年 (口述)、Andrew Tanzer (笔录) / 蔡芫 / 商务印书馆（香港）有限公司 / 2017-11 / HK$148

      ",9.0,"
        (458人评价)
    "
https://img1.doubanio.com/view/subject/s/public/s28342657.jpg,梵高手稿,"
        
  
  [荷] 文森特•梵高、[美]  H. 安娜•苏 / 编 / 57°N艺术小组 / 北京联合出版公司 / 2015-12 / 88.00元

      ",9.4,"
        (4069人评价)
    "
https://img2.doubanio.com/view/subject/s/public/s1239273.jpg,我的前半生,"
        
  
  爱新觉罗·溥仪 / 群众出版社 / 2003-04-01 / 29.00

      ",7.6,"
        (6332人评价)
    "
https://img3.doubanio.com/view/subject/s/public/s33666110.jpg,做衣服,"
        
  
  [日] 山本耀司 / 吴迪 / 浦睿文化·湖南人民出版社 / 2020-6 / 59.00元

      ",7.7,"
        (3810人评价)
    "
https://img3.doubanio.com/view/subject/s/public/s29378051.jpg,我在伊朗长大,"
        
  
  玛赞·莎塔碧 / 马爱农、左涛 / 生活·读书·新知三联书店 / 2017-2 / 59.00

      ",9.4,"
        (1415人评价)
    "
https://img2.doubanio.com/view/subject/s/public/s1447972.jpg,旁观者,"
        
  
  [美] 彼得.德鲁克 / 廖月娟 / 机械工业出版社 / 2005-9 / 38.00元

      ",8.7,"
        (3627人评价)
    "
https://img1.doubanio.com/view/subject/s/public/s33679379.jpg,三岛由纪夫传,"
        
  
  [美] 约翰·内森 / 常永利 / 上海译文出版社 / 2020-6 / 55.00元

      ",8.3,"
        (184人评价)
    "
https://img2.doubanio.com/view/subject/s/public/s28040043.jpg,创新公司,"
        
  
  [美]艾德·卡特姆、埃米·华莱士 / 靳婷婷 / 中信出版社 / 2015-2 / 49.00元

      ",8.7,"
        (1496人评价)
    "
https://img1.doubanio.com/view/subject/s/public/s28322337.jpg,沈从文的后半生,"
        
  
  张新颖 / 广西师范大学出版社 / 2014-6-1 / 59.00元

      ",9.1,"
        (2679人评价)
    "
https://img3.doubanio.com/view/subject/s/public/s33670851.jpg,女性的时刻,"
        
  
  [美]梅琳达·盖茨 / 齐彦婧 / 北京联合出版公司 / 2020-7 / 55

      ",8.3,"
        (1033人评价)
    "
https://img1.doubanio.com/view/subject/s/public/s4688677.jpg,建筑家安藤忠雄,"
        
  
  [日] 安藤忠雄 / 龙国英 / 中信出版社 / 2011-3-1 / 88.00

      ",8.9,"
        (3522人评价)
    "
https://img9.doubanio.com/view/subject/s/public/s29091784.jpg,My Own Words,"
        
  
  Ruth Bader Ginsburg / Simon & Schuster / 2016-10-4 / USD 30.00

      ",8.7,"
        (192人评价)
    "
https://img3.doubanio.com/view/subject/s/public/s33514580.jpg,深度思考,"
        
  
  [美]莫琳·希凯 / 孔锐才 / 江苏凤凰文艺出版社 / 2018-9 / 48.00元

      ",6.1,"
        (2056人评价)
    "
https://img2.doubanio.com/view/subject/s/public/s33749553.jpg,钱锺书的学术人生,"
        
  
  王水照 / 中华书局 / 2020-11 / 58

      ",8.5,"
        (117人评价)
    "
https://img3.doubanio.com/view/subject/s/public/s33744581.jpg,應許之地：歐巴馬回憶錄,"
        
  
  巴拉克‧歐巴馬 / 陳琇玲 / 商業周刊 / 2020-11 / NTD850

      ",7.0,"
        (135人评价)
    "
https://img2.doubanio.com/view/subject/s/public/s24561503.jpg,关山夺路,"
        
  
  王鼎钧 / 生活·读书·新知三联书店 / 2013-1 / 36.00元

      ",9.2,"
        (2238人评价)
    "
https://img3.doubanio.com/view/subject/s/public/s2450360.jpg,假如给我三天光明,"
        
  
  海伦・凯勒(helen keller) / 李汉昭 / 华文出版社 / 2003-1 / 21.80元

      ",8.1,"
        (17260人评价)
    "
https://img1.doubanio.com/view/subject/s/public/s24938039.jpg,先知三部曲（全新插图修订本）,"
        
  
  【波】伊萨克•多伊彻 / 王国龙、周任辛、施用勤等 / 中央编译出版社 / 2013-2 / 258.00元

      ",9.4,"
        (451人评价)
    "
https://img2.doubanio.com/view/subject/s/public/s1796932.jpg,与他共度61世,"
        
  
  的灰 / 上海书店出版社 / 2006-9 / 128.00元

      ",9.3,"
        (1186人评价)
    "
https://img3.doubanio.com/view/subject/s/public/s27222380.jpg,佛陀传,"
        
  
  一行禅师 / 何蕙仪 / 河南文艺出版社 / 2014-3-1 / 48.00

      ",8.9,"
        (1685人评价)
    "
https://img9.doubanio.com/view/subject/s/public/s33769215.jpg,姥爷，我们天上见,"
        
  
  蒋雯丽 / 天津人民出版社 / 2021-1 / 45.00元

      ",8.6,"
        (335人评价)
    "
https://img9.doubanio.com/view/subject/s/public/s33788115.jpg,西南联大求学日记,"
        
  
  许渊冲 / 中译出版社 / 2021-2 / 88

      ",,"
        (10人评价)
    "
https://img2.doubanio.com/view/subject/s/public/s2339552.jpg,洛克菲勒留给儿子的38封信,"
        
  
  约翰·D·洛克菲勒 (John Davison Rockefeller) / 严硕 / 中国妇女出版社 / 2004-7 / 29.80

      ",8.6,"
        (3668人评价)
    "
https://img9.doubanio.com/view/subject/s/public/s9966436.jpg,别逗了，费曼先生,"
        
  
  （美）R.P.费曼、（美）L.莱顿、none / 王祖哲 / 湖南科学技术出版社 / 2005-5-1 / 22.00元

      ",8.8,"
        (1178人评价)
    "
https://img9.doubanio.com/view/subject/s/public/s29596586.jpg,我身在历史何处,"
        
  
  [塞尔维亚] 埃米尔·库斯图里卡 / 苑桂冠 / 湖南人民出版社 / 2017-11 / CNY 69.00

      ",8.6,"
        (1112人评价)
    "
https://img2.doubanio.com/view/subject/s/public/s26686403.jpg,过得刚好,"
        
  
  郭德纲 / 北京联合出版公司 / 2013-6 / 39.80元

      ",6.7,"
        (6142人评价)
    "
https://img1.doubanio.com/view/subject/s/public/s27211529.jpg,山本耀司：我投下一枚炸弹,"
        
  
  [日]山本耀司、[日]满田爱 / 化斌 / 重庆大学出版社 / 2014-2-1 / 68.00元

      ",7.6,"
        (4653人评价)
    "
https://img2.doubanio.com/view/subject/s/public/s33710733.jpg,刘邦,"
        
  
  (日) 佐竹靖彦 / 王勇华 / 北京联合出版公司 / 2020-10 / 78.00元

      ",8.6,"
        (132人评价)
    "
https://img2.doubanio.com/view/subject/s/public/s3665853.jpg,滚雪球,"
        
  
  [美]艾丽斯·施罗德 / 中信出版社 / 2009-01-01 / 198.00元

      ",7.6,"
        (931人评价)
    "
https://img9.doubanio.com/view/subject/s/public/s28650756.jpg,发现的乐趣,"
        
  
  [美] 理查德·费曼 / 朱宁雁 / 北京联合出版公司 / 2016-5 / 39.80元

      ",8.4,"
        (1420人评价)
    "
https://img1.doubanio.com/view/subject/s/public/s29633249.jpg,贾想II,"
        
  
  贾樟柯、万佳欢 编 / 理想国 | 台海出版社 / 2018-1 / 49.00

      ",8.4,"
        (5478人评价)
    "
https://img1.doubanio.com/view/subject/s/public/s29650738.jpg,刷新,"
        
  
  [美] 萨提亚·纳德拉 / 陈召强、杨洋 / 中信出版集团 / 2018-1 / 58

      ",7.5,"
        (2352人评价)
    "
https://img2.doubanio.com/view/subject/s/public/s19217793.jpg,绝非偶然,"
        
  
  Elliot Aronson / 沈捷 / 浙江人民出版社 / 2012-9 / 42.90元

      ",8.8,"
        (1822人评价)
    "
https://img1.doubanio.com/view/subject/s/public/s29715069.jpg,权力之路,"
        
  
  [美]罗伯特·A.卡洛 / 何雨珈 / 猫头鹰文化·四川文艺出版社 / 2018-5 / 168.00元

      ",9.2,"
        (299人评价)
    "
https://img3.doubanio.com/view/subject/s/public/s29459941.jpg,断头王后：玛丽·安托瓦内特传,"
        
  
  [奥] 斯蒂芬·茨威格 / 张玉书 / 人民文学出版社 / 2017-4-1 / CNY 48.00

      ",8.6,"
        (916人评价)
    "
https://img9.doubanio.com/view/subject/s/public/s27196435.jpg,荣格自传,"
        
  
  （瑞士）卡尔·古斯塔夫·荣格 / 刘国彬、杨德友 / 译林出版社 / 2014-3 / 34.80元

      ",9.0,"
        (450人评价)
    "
https://img1.doubanio.com/view/subject/s/public/s27451407.jpg,九败一胜,"
        
  
  李志刚 / 北京联合出版公司 / 2014-9-1 / 42.00元

      ",7.8,"
        (2134人评价)
    "
https://img1.doubanio.com/view/subject/s/public/s33489419.jpg,Know My Name,"
        
  
  Chanel Miller / Viking / 2019-9-24

      ",9.4,"
        (410人评价)
    "
https://img9.doubanio.com/view/subject/s/public/s29852656.jpg,椰壳碗外的人生,"
        
  
  [美]本尼迪克特·安德森 / 徐德林 / 上海人民出版社 / 2018-8 / 49.80元

      ",8.9,"
        (2056人评价)
    "
https://img9.doubanio.com/view/subject/s/public/s33755374.jpg,马克斯·韦伯,"
        
  
  【德】于尔根·考伯（Jürgen Kaube） / 吴宁 / 社会科学文献出版社 / 2020-11 / 98

      ",8.9,"
        (26人评价)
    "
https://img3.doubanio.com/view/subject/s/public/s29610160.jpg,失焦,"
        
  
  [匈]罗伯特·卡帕 / 徐振锋 / 广西师范大学出版社 / 2017-10-1 / 52.00

      ",9.0,"
        (1366人评价)
    "
https://img3.doubanio.com/view/subject/s/public/s27311101.jpg,知行合一王阳明（1472—1529）,"
        
  
  度阴山 / 北京联合出版公司 / 2014-7 / 36.00元

      ",7.6,"
        (5878人评价)
    "
https://img2.doubanio.com/view/subject/s/public/s8857282.jpg,股票作手回忆录,"
        
  
  杰西·利弗莫尔 / 黄程雅淑，马晓佳 / 中国青年出版社 / 2012-1 / 33.90元

      ",8.8,"
        (3081人评价)
    "
https://img1.doubanio.com/view/subject/s/public/s28094117.jpg,富甲美国,"
        
  
  山姆·沃尔顿、约翰·休伊 / 杨蓓 / 江苏文艺出版社 / 2015-6-1 / 49.8

      ",8.2,"
        (2344人评价)
    "
https://img3.doubanio.com/view/subject/s/public/s33785530.jpg,曾有少年时,"
        
  
  李浩源 / 浙江教育出版社 / 2020-12-31 / 49.00

      ",7.5,"
        (289人评价)
    "
https://img3.doubanio.com/view/subject/s/public/s29868391.jpg,契诃夫的一生,"
        
  
  [法]伊莱娜·内米洛夫斯基 / 陈剑 / 人民文学出版社 / 2018-11 / 32.00

      ",9.1,"
        (842人评价)
    "
https://img9.doubanio.com/view/subject/s/public/s33626844.jpg,菲利普·迪克传,"
        
  
  [美]安妮·R.迪克 / 金雪妮 / 新星出版社 / 2020-6 / 69.00元

      ",8.9,"
        (146人评价)
    "
https://img2.doubanio.com/view/subject/s/public/s27238393.jpg,拿破仑传,"
        
  
  [德] 埃米尔·路德维希 / 梁锡江、龚艳、周何法 / 浙江文艺出版社 / 2008-1-1 / 29.80元

      ",8.4,"
        (1786人评价)
    "
https://img9.doubanio.com/view/subject/s/public/s33816736.jpg,花甲录,"
        
  
  (日) 内山完造 / 刘柠 / 九州出版社 / 2021-1 / 88.00元

      ",8.0,"
        (15人评价)
    "
https://img9.doubanio.com/view/subject/s/public/s29824346.jpg,创始人手记,"
        
  
  季琦 / 浦睿文化·湖南人民出版社 / 2018-8 / 48.00元

      ",7.7,"
        (1294人评价)
    "
https://img9.doubanio.com/view/subject/s/public/s4608656.jpg,一胜九败,"
        
  
  柳井正 / 徐静波 / 中信出版社 / 2011-1-19 / 28.00元

      ",7.3,"
        (1759人评价)
    "
https://img1.doubanio.com/view/subject/s/public/s28935397.jpg,洛克菲勒传,"
        
  
  荣·切尔诺(Ron  Chernow) / 王恩冕 / 华东师范大学出版社 / 2013-8-1 / 98.00

      ",8.4,"
        (219人评价)
    "
https://img9.doubanio.com/view/subject/s/public/s33725734.jpg,苍炎,"
        
  
  [日] 羽生结弦 / 虞雪健 / 北京联合出版公司 / 2020-11-1

      ",8.5,"
        (183人评价)
    "
https://img1.doubanio.com/view/subject/s/public/s33609947.jpg,孙正义传,"
        
  
  [日] 杉本贵司 / 王健波 / 中信出版社 / 2020-3 / 69.00元

      ",8.3,"
        (89人评价)
    "
https://img9.doubanio.com/view/subject/s/public/s29727564.jpg,我的一生略小于美国现代史,"
        
  
  [美] 凯瑟琳·格雷厄姆 / 萧达 / 后浪丨民主与建设出版社 / 2018-4 / 88.00元

      ",8.8,"
        (464人评价)
    "
https://img1.doubanio.com/view/subject/s/public/s33583219.jpg,贝多芬传,"
        
  
  扬·斯瓦福德 / 韩应潮 / 浙江大学出版社 / 2020-2 / 188.00元

      ",9.0,"
        (114人评价)
    "
https://img2.doubanio.com/view/subject/s/public/s33645592.jpg,张爱玲传,"
        
  
  余斌 / 人民文学出版社 / 2018-11 / 58.00元

      ",9.1,"
        (160人评价)
    "
https://img3.doubanio.com/view/subject/s/public/s28021971.jpg,富兰克林自传,"
        
  
  [美] 本杰明·富兰克林 / 蒲隆 / 译林出版社 / 2015-1 / 25.00

      ",8.5,"
        (500人评价)
    "
https://img2.doubanio.com/view/subject/s/public/s4197443.jpg,小团圆,"
        
  
  张爱玲 / 北京十月文艺出版社 / 2009-4 / 28.00

      ",7.6,"
        (48568人评价)
    "
https://img2.doubanio.com/view/subject/s/public/s28581752.jpg,只有偏执狂才能生存,"
        
  
  安迪·格鲁夫 (Andy Grove) / 安然、张万伟 / 中信出版社 / 2013-12 / 36.00元

      ",7.8,"
        (506人评价)
    "
https://img2.doubanio.com/view/subject/s/public/s6969093.jpg,艽野尘梦,"
        
  
  陈渠珍 / 西藏人民出版社 / 2009-1 / 29.80

      ",8.9,"
        (3005人评价)
    "
https://img9.doubanio.com/view/subject/s/public/s5951026.jpg,上学记,"
        
  
  何兆武（口述）、文靖 / 生活·读书·新知三联书店 / 2008-9 / 25.00元

      ",9.0,"
        (2806人评价)
    "
https://img2.doubanio.com/view/subject/s/public/s33309393.jpg,任天堂哲学,"
        
  
  (日) 井上理著 / 郑敏译 / 南海出版公司 / 2018-6 / 68.00元

      ",7.4,"
        (748人评价)
    "
https://img3.doubanio.com/view/subject/s/public/s27723560.jpg,漫漫自由路,"
        
  
  [南非] 纳尔逊·曼德拉 / 谭振学 / 广西师范大学出版社 / 2014-9 / 98.00

      ",8.6,"
        (786人评价)
    "
https://img3.doubanio.com/view/subject/s/public/s28363001.jpg,贝聿铭全集,"
        
  
  （美）朱迪狄欧（Jodidio,P.）+（美）斯特朗（Strong,J.A.）著 / 李佳洁、郑小东 / 电子工业出版社 / 2012-1-1 / 198.00元

      ",9.1,"
        (661人评价)
    "
https://img9.doubanio.com/view/subject/s/public/s28625225.jpg,毛泽东传,"
        
  
  迪克•威尔逊 (Dick Wilson) / 国际文化出版公司 / 2013-4 / CNY 69.00

      ",7.7,"
        (1018人评价)
    "
https://img1.doubanio.com/view/subject/s/public/s29918109.jpg,十亿美元分子,"
        
  
  [美] 巴里•沃思 / 钱鹏展 / 上海科技教育出版社 / 2018-12-1 / 65.00元

      ",8.4,"
        (427人评价)
    "
https://img9.doubanio.com/view/subject/s/public/s33461146.jpg,The Ride of a Lifetime,"
        
  
  Robert Iger / Random House / 2019-9-23 / EUR 12.87

      ",8.7,"
        (668人评价)
    "
https://img1.doubanio.com/view/subject/s/public/s29229789.jpg,活着回来的男人,"
        
  
  [日] 小熊英二 / 黄耀进 / 广西师范大学出版社 / 2017-1 / 62.00元

      ",8.5,"
        (2363人评价)
    "
https://img2.doubanio.com/view/subject/s/public/s33779123.jpg,让-弗朗索瓦·利奥塔,"
        
  
  [英]基夫•班福德（Kiff Bamford） / 曹金羽 / 南京大学出版社 / 2021-1-1 / 49

      ",8.2,"
        (21人评价)
    "
https://img1.doubanio.com/view/subject/s/public/s5757948.jpg,周恩来旅日日记（上下册）,"
        
  
  周恩来 / 线装书局 / 1997-12 / 650.00元

      ",8.9,"
        (38人评价)
    "
https://img3.doubanio.com/view/subject/s/public/s29549031.jpg,创造自然,"
        
  
  [德] 安德烈娅·武尔夫 / 边和 / 后浪丨浙江人民出版社 / 2017-10 / 88.00元

      ",8.8,"
        (1557人评价)
    "
https://img2.doubanio.com/view/subject/s/public/s1245843.jpg,牛棚杂忆,"
        
  
  季羡林 / 中共中央党史出版社 / 2005-1 / 29.00元

      ",8.4,"
        (6847人评价)
    "
https://img9.doubanio.com/view/subject/s/public/s3580356.jpg,巴菲特传,"
        
  
  Roger Lowenstein / 蒋旭峰、王丽萍 / 中信出版社 / 2008-9 / 49.00元

      ",8.2,"
        (2566人评价)
    "
https://img2.doubanio.com/view/subject/s/public/s27362593.jpg,昨天的云,"
        
  
  王鼎钧 / 生活•读书•新知三联书店 / 2013-1 / 30.00元

      ",8.8,"
        (3052人评价)
    "
